first_name,second_name,username,password_hash
Noah,Nguyen,TQI41TIP3KZ,MGW54TQR2IP
Justine,Beck,JPR14HMB2OC,BCR53YVN2YQ
Basia,Brooks,HML73MNG6QY,IYH31LWK1UK
Joshua,Norman,LPD75TKD7CQ,NBS40IJF0FY
Ezra,Ellis,DUO52EMS7VG,YLU67AAP6SM
Cynthia,Ware,TUY23PGH5LU,VDP22FTR5KI
Eric,Duffy,DVY55QPX5LM,LSW41HQM0TU
Hu,Mckenzie,GOH70CXN9NB,HGR42TJR4AL
Eliana,Mann,GSF37HDC8MC,BXJ27GMG8OL
Macaulay,Henderson,VJG66PCR2PI,YHM62PJI6CJ
Yoko,Levy,XKF38CFV3MF,HGK94SML1DX
Porter,Pittman,IQF26TRM5DJ,PPB43JBP5IS
Bert,Dunlap,MXO07HHB4CP,UKP64AFA7XF
Tyler,Sosa,XVV19JVQ7IE,IOG45UXK6CO
Deborah,Whitley,TBP28TZF2FU,YSD32ROL5LT
Arsenio,Nunez,VUX21LGK1UG,WEG22PTE7UZ
Leilani,West,LVG05XMG6QJ,XCH14PUV7HU
Randall,Ellison,RVH29NCM6HX,KWM04TXX1SB
James,Hopper,HHB55XPC4IX,HVO14GGX7AO
Shelly,Bartlett,NTR75JNV2HG,ATX55QJR0LI
Cassandra,Guerrero,PQH16YYY1HR,VCX55IKP7LC
Eve,Bonner,DFO96LAN1DM,WZF33NWJ7OI
Carla,Langley,PTK80PRW7LP,YXB15VPJ0GW
Kelsey,Key,IOY46CLI8QD,DAK26XDL1EJ
Ainsley,Walter,HLL33PGZ2WN,WSD84UMQ6CJ
Hiroko,Conner,RBO53DRW0MV,CEG86BUI1VQ
Graiden,Grant,GGV26MYQ3CF,FEW88UUG2IW
Ann,Bennett,NLP67ZVJ2TD,ZWX69XUS5CC
Alexander,Bowers,XTB62QGK9OM,UAF83UQR4PF
Savannah,Gordon,GTR79RNV1JF,VPQ19CHL5GY
Sydnee,Herrera,OCL42YEI7ZZ,JIY14HSH3IQ
Camilla,Shaw,CUV81VGT7OP,ZCB58RBO9MO
Sydney,Mathis,COY82DIE5HI,KTK15JXW2LM
Ria,Vance,XMX66KCX2DZ,HUW32XGG7IK
Laura,Ochoa,BLK42UUH3GO,ASL17FWT4YP
Scott,Shepard,NOI16GSF8GI,TXB78QDR9VS
Flynn,Levy,CBB18PXQ9LS,WNU17HBX3CM
Kyle,Patton,MFG03JYC7MG,PCR23GBM3WG
Garth,Gray,HEY01JCX1IC,WNT83YQW2ZE
Patience,Perez,BYS88CYW2MG,IKM23VJY4RC
Gannon,Blake,ULW21MLB1XI,SAW23MFO1RX
Adena,Riggs,XXD08GXY0OY,JBQ92NCT1UO
Jenna,Bradshaw,HPD53EKN9JI,KWL89BKB6SP
Adena,Mccray,EZJ53BEL2HB,TCD68QIV5KN
Deanna,Parrish,XCA64MLA8WC,WNX35FIY8DD
Zena,Black,JNS70LVE1BW,CMB21QRM9WF
Jarrod,Hutchinson,UPJ71CRB7RK,XIT75AQJ3YU
Buckminster,Ellison,MKB76VGC6BM,GFE78ZGE7CH
Alec,Cantrell,SBM42QQM4JO,GYX17VIN4FT
Olivia,Terrell,JGR63WBZ5WU,FDN71TLC6NH
Colleen,Mayer,IPN52SZR6GK,ZGV08CDV7RH
Pascale,Espinoza,SFL53JTF0QV,SGD15GHY5NI
Teagan,Campbell,MHJ20QUO5IH,DTI24GOX2OT
Dawn,Suarez,CLG97IID6KD,PGD17FNY5TO
Andrew,England,ZUJ24VTA1BG,UET34WVP5KP
Irene,Singleton,KVL49KOP0WJ,HWW11IQX3CG
Thaddeus,Coffey,VLE87UUM2CO,MOK72CFI8VU
Maisie,Lowe,KPA05KBY7HO,UOL53WQN5UW
Lana,Buchanan,KMP28PXX8YX,PXX54DCH3EU
Abraham,Harrison,STY08YHM9JD,LTI49EPR1UC
Nevada,Rutledge,IKW73NXE5MS,PSY46TWU3IJ
Martha,Mcdonald,FYU63MPL6OR,SNW05JQS7KV
Forrest,Goodwin,NEV67ILY9EY,JHM85PPY2TQ
April,Reilly,GHG52HCV2TB,KGJ79ZIB5BQ
Duncan,Calderon,EJI04QNW6ME,ATT91UNY3KC
Valentine,Kane,JLN12NMK2HZ,JAN23RXM8NF
Byron,Koch,GHM65QFH4FJ,PGS62KLD0IY
Rhea,Sharpe,XNU18DBC3KQ,WTU35LEQ5UR
Knox,Bradley,ISG16WBV9FY,BRR55RFF4AS
Lara,Hinton,FLB71TDI1OR,DFD46DEE2FQ
Oren,Dalton,SBF83JUU1UP,RRL55FMR4ZT
Vladimir,Roth,ACI38DOO3RP,FQU89EXD4EI
Halla,Key,JDA16COD3FC,LSQ56CGD7DR
Lydia,Ortiz,GVS57MJB4QG,JPI89ZJI1CM
Jelani,Franco,WEN63VDV0EZ,IOP13JFP0ND
Madeson,Patel,NUZ19EPN1HP,CUU48JUB6PR
Hermione,Shelton,JWQ03VFW7LY,NNG31PSU3LC
Emi,Holman,CAL82GFQ9HG,TZY78CMS4WP
Mara,Huber,FCG81ONY2YF,MPO43TTR1KL
Quinlan,Leonard,TTV64YCW3KK,DMU38WQC7KM
Chester,Hall,ZBE54YFS3CK,KQT68WKT4AV
Oscar,Sykes,BPR37JPT4EN,UIT13XTS2FI
Roary,Strickland,VML24HIB5QX,WXX03UND4HE
Fallon,Bailey,BPI74PEP8WT,DNI53LRY1TX
Joseph,Wong,KLT27NEW5DA,PMH47LQD9SS
Yuli,Kane,KSO38NVV4NX,PFK43TKX3GN
Leo,Gay,OAI66RYX3NC,JAJ84QHI8RY
Xander,Michael,RBG88QFX7CS,CEE49LVI2EE
Anika,Campbell,JTR27RDE7DC,CUI12RCP7XL
Brent,Ashley,DKG53RPM1AY,LFC64BNA7XO
Joshua,Baker,RJC64FJA8FG,TFJ64CKH1RC
Lucas,Fernandez,MKV68SVS4KD,MNF37NFT5EC
McKenzie,Huffman,YRL64ZIS3AR,GBE82DMQ8PP
Tyler,Hunter,INW11SVP9JN,YUN83VWS3RK
Jelani,Zamora,SKS29KNC3MU,XGR41MGS2FW
Finn,Pugh,KDT81JMN4RK,JYS74KPT7VM
Nell,Castillo,FKK97VPF2WO,EVD34IGL8XX
Oren,Brooks,PJW41TGM3JC,PGJ71COC2HT
Wyoming,Pruitt,VPO24VCN3ZU,JDB08CZT8TU
Austin,Sykes,SJK82KFN0VR,WWZ19RMY6KL
Patrick,Hampton,TJU10MAN6AB,SSE18OGE5QT
Fletcher,Foley,HDO28GFE6XS,TAK62DQA8LF
Timon,Morgan,CHV57SGF1ZR,CCW02MNO2EW
Phyllis,Crawford,JQL14TAH8LW,PID47ADP3PP
Kelsie,Burke,BFD39CSL6DE,PFU68DBS2EH
Sarah,Pearson,JSF71WCG5OK,TDJ90AWK6UG
Fatima,Owen,UEL39OOF5SI,ELU42TIW2HQ
Jerry,Roy,BPC85YGL3GG,FZK86MZB8NF
Jolie,Joseph,DOU03NIG9GO,TJQ81CPR2VV
Ori,Griffith,SIG88HOM4UN,FVN36JRU7EC
Kieran,Faulkner,PJP91JTC4EO,APB96GIO5YK
Yolanda,Wood,RIR27TMS5QG,EAR22EOV1JS
Maris,Barnett,FOT78DSS2DO,STK80RES3YS
Mari,Benton,TCS41MEJ0DI,IAD71EJY2MY
Clarke,Espinoza,DLS86GEF0QE,ICS27LLJ6CL
Jaquelyn,Tran,SNN91BIW1XM,YHB17QSB4KC
Karleigh,Morales,SJE26HON1MD,PDI37TEI4GM
Slade,Atkins,WQW69IMN4EP,YSN58ZGQ1IQ
Benedict,Brown,PXH34TNH1NO,NDI86AWY5YW
Yardley,Henderson,HJK07XDP6EV,EBW74SBC5QI
Nicole,Case,GMG11WRM2QO,KGW41BHS4JV
Benedict,Parsons,JWJ18RGJ8RK,UBM61SEX8UQ
Lee,Duncan,UMX38OWW7BO,AFU87GNY6JB
Genevieve,Gregory,GGK89JSE7CG,CQG33SMA5NI
Alfreda,Mcgee,JZI13QPS4MH,QKQ83IYA7FL
Maite,Sosa,KSJ26BSF9XY,PSI26NNT1MG
Dean,Atkinson,DYJ48USI2UH,ODE08TUX5WX
Isaiah,Mcintosh,XIV79PNW5CD,KPB34JOK3TV
Rhea,Grant,IKB26ILY8RY,PHC24RLU8CQ
Quinn,Jennings,VQO93ERS9XM,EYF63BJM0MI
Armand,Martinez,SQR53YTB4UD,BZJ40DHM6BC
Quintessa,Head,WBF76CRL1WY,MIN54AVD1SI
Connor,O'brien,RCB83ONZ9FU,CQD41FBA3NB
Tarik,Davenport,FFW75CXB6MQ,FNJ11LKP0LV
Maryam,Gilbert,KUE20UNJ8MC,ELD46TSF4WH
Scarlet,Campos,SWB81YCD4OP,JXS62ELC3HI
Karleigh,Nelson,IEL17DPJ3QW,XRT85RCY8JB
Kimberly,Burns,UTE75OTW8RC,RWU01VPM0TF
Harlan,Kim,DHP53JMH6HN,AKH97SMM4HM
Flavia,Simon,JBK42PBC7XV,KBO11SHR8TS
Dante,Blackwell,ZMW56IDM3XI,CIG61KHK5IF
Fuller,Burch,RFE51MCN2OU,UVR61YMJ2CO
Miriam,Hicks,CSY94BLU7TS,SWD48WAL5QU
Jonas,Rivers,XHM22CSW7QN,PXW52FPI5HY
Lee,Barton,SEZ78DNN6PO,DDD34RET7II
Katell,Owens,MKX00NYM6PB,ERT81IQS4MI
Phoebe,Knowles,KPN56IWZ1VJ,IIU73UEM5VJ
Len,Mack,QFX54XFP7WY,YMC21LAK6WS
Pearl,Rivas,MXQ47GTN3IF,HMJ16HTE5HL
Claire,O'connor,GBT18PZG4BO,NVR65UCQ8NO
Callum,Delaney,JPU11LHK8BI,MJQ23CSP3BO
Jakeem,Crawford,VJU25JQU1CI,WVI92PJN0UN
Dai,Patrick,SWO53DIK4BX,IIR61KSN3LD
Brett,Landry,RTD22HRL8NF,FJM55YIK7ST
Finn,Yang,LJO11POY1DM,IPH22OYI3BM
Odessa,Wagner,TJF67ERV3LM,PWZ47DFZ3XH
Chiquita,Cunningham,FXD19CYN6OZ,XGB26BUZ3XD
Hilda,Luna,AIU88XCF2QM,KFS93VYM7QJ
Michael,Good,VDJ37CUY3TX,QBJ16GJT7OJ
Portia,Wolf,PAL32GYC8NH,TRU58BTQ2RO
Maris,Walls,HXW22TEG7UC,FAS53KKT8OM
Ebony,White,NYM88MCR8GN,CNY81JXD9HJ
Carter,Callahan,ELY01KKR6WP,EHR38SVK5VU
Chaim,Moss,DCJ36EYF8NQ,TGX67BKG0MY
Caleb,Simpson,MKM73JJC6MU,VCS53CMG5WI
Nevada,Lynn,MBO84XDF4QL,IBW75ZEC6BW
Isadora,Clark,ZOX88RFV7II,UYO38CTR7NC
May,Small,UAW64UYE7FI,ASX86FCO7OW
Amber,Henry,QDX15KNN9WR,IJR56CEY9DO
Talon,Franklin,FJR62CXQ1XH,AQJ73JIH6DR
Jolene,Holt,QUN84UTC1WJ,VUJ87OOE3WE
Iola,Wolfe,III32FLT2HF,QIC53OLC2NL
Blossom,Mccormick,DJW14SIM2VK,API43VPC4TX
Nell,Garner,BWM46LNU6OR,WBW34NIR6MZ
Zoe,Terry,SHE52NTK3TK,RYJ45LKV8DY
Hunter,Gallagher,AYE41BCC6MN,TXV27YEJ0RE
Dale,Shaffer,GTK45JJR6TU,NCP66BXE8WI
Dalton,Tran,NXT17IEK5KO,BVB47HJJ8SL
Castor,Robinson,QCX71MUX1OV,BDU28JUG9MB
Ima,Gallagher,RDC41FEX8FO,RFW76KFD8OV
Audrey,Whitehead,SEN77XCW5VG,KGJ04BKM8QN
Rhonda,Price,GQG58BHU1MX,LTC54NWQ9VK
Jaquelyn,Adams,FNU74WKX4BQ,IHS03WCW5JN
Ursa,Dean,GZB21KGD7IK,FPL48WHX8VK
Orla,Maynard,WDX63JDD5UL,SNQ13YLF3IB
Plato,Wilder,MLG37ZFL7NV,DVD66PCF4VA
Vance,Glass,BBB12CBW4JI,VIR22VQC1II
Lacota,Emerson,OBB41LCH3PP,QIG24WDF4DJ
Matthew,Rivers,RBC45DUW5IR,KSE31RDW5GY
Callie,Cleveland,DVP28TWS4UC,CBH88KWH5FD
Jessamine,Mejia,WQY18CCC2YW,WWE59RWG5VV
Benjamin,Reyes,WTE51IJD4QL,LWF31OZK5KE
Patience,Conley,HUQ78YQX3VI,FLL84UAZ1EL
Xavier,Deleon,FEA45ELI3ZU,TRP57VRK7PT
Graiden,Garrett,YGX12MGV1XV,MHC57TTD7IP
Amos,Ruiz,GYV25XOR0NI,FFV79QHW4JM
Fitzgerald,Reilly,XWI56UNV4MG,VLG58NSO1MY
Colette,Nichols,IUI52HXF3UW,GEB14WXP8UG
Elvis,Edwards,HLB61CRF4BF,IER31QEL1BP
Charissa,Osborne,NKN24KCC5DZ,PPN83HMY7DC
Austin,Hardin,XOO03GIQ2AD,PBQ73GHT7UA
Theodore,Payne,MBC86YMC0WU,NUD58RMO2CK
Bertha,Stewart,GKO41HRJ5JN,CUV21DGO4UT
Yeo,Ingram,MOL83PAD7BF,STM23XYR5KE
Helen,Donovan,ZPB47PMH4YF,PCD69ZNI0NC
Maris,Santiago,FVK44CDI7EF,NZP41WWM1ZQ
Jameson,Mckenzie,UPW45LFY8XO,HFX45MLP6JL
Camden,Hutchinson,HXK25KPG6BQ,DKX16JXG1VX
Mira,Cervantes,OSO94PWV3HM,DYV66XGI6VB
Carolyn,Meadows,FFG52NSB7KJ,EIB96QRY5CR
Savannah,Burns,OKX13EPV0SL,FNS38MSK1IZ
Drake,Garrison,RNS37HZM8OX,OJL33QVD4DI
Adele,Barnes,IOM33KOK7QC,YEO11MII3ZP
Maxwell,Thornton,GQC39HCV6BJ,VVC43DEG8EN
Hayley,Everett,FZL31JDN0TJ,OJH63RLM5EO
Louis,Curtis,YXR37LXZ1CO,SOJ68ZXK3JK
Jamalia,Ramos,MWN84TEL1YU,RKC83IWW9NT
Daphne,Dejesus,BCJ68JJO1NU,FHF62OVW8DG
Alyssa,Rich,JGO68VRL2EO,CWG85JCW6PZ
Hamilton,Johns,IVZ14JQX4EE,JXG54GCL5WJ
Gavin,Wood,JTC68IPG4JK,OQX28FAP6PD
Sonia,Paul,QYJ48IBA5KH,FQW38LSP2MQ
Dominic,Boone,VUV63RGE7IU,UCL32LOP3PB
Barclay,Holman,QJF87GKW1VS,TNL44GPR4NL
Blaze,Carlson,OBI74SBV0HI,RMC28XHF1SX
Kalia,Greer,GGX67QMZ2TD,XZT45VXE3MZ
Linus,Becker,YBJ25UUT1XW,TKT84RWR8YR
Vera,Perez,SBX07OMJ1BM,ULQ93NQG8ME
Hasad,Keller,RIM61XIB3QU,OMJ46IBY5GX
Brenda,Frank,JUG17UFQ7BU,YOV16QLU7HO
Steven,Wilson,JQI71KEC3PJ,YRT47IGO5MT
Alden,Kirby,VLS73HMV3GA,BSY31EQK8KE
Ian,Pacheco,HQE18EAL1JR,SPY39KHD6JE
Elijah,Sawyer,APN97ZHD2XT,UIR42PRG9IZ
Kieran,Lewis,YUR38IRF4AQ,VYW27QFF2PJ
Jordan,Lindsay,VDJ32SEN0LC,PQJ95VTJ9HH
Murphy,Good,NLT10EPO8CI,FPU82DCO7AB
Otto,Porter,MLB56NEO5XY,RYY55EDX4NX
John,Moses,RMW76API6YM,LBO68JYM5LN
Hu,Ellis,RHY54QGH3DZ,OZB47KJD7VX
Rafael,Sharp,LEW08MRK0WV,DVM17TZM4WH
Philip,Wilkinson,HKU98MVF6OI,KBG52BOO2UT
Timon,Callahan,IFH69ONR6EN,GKY21CIQ9OU
Quamar,Coleman,RNH56FAS9HI,KWF12HQU2LZ
Gail,Mcfarland,RZY17XFT0IH,DYX71WGG8RO
Giselle,Frank,PMN24VYC9MO,OPG49LXQ7IY
Mason,Melendez,NCT60TXS7QD,IKM62XUE9RP
Nigel,Santos,ZGE87OLR7DR,PYF65CFH6XD
Igor,Koch,DYW42IXU8EV,ZON54ZOO8GG
Daryl,Garza,MWR43WKZ5YR,JUV69CPU2QO
Naida,Kemp,OVB11KOT7WM,EFG17BDM8UQ
Leonard,Knox,VOD64MTK3JL,GEU13KMD4BK
Kay,Cantrell,KFO04CXL3FV,RHN33WMP2KQ
Nyssa,Burnett,RJL92ERE8GJ,HDN38FOC6GF
Reese,Pearson,GXY26WZJ7TH,QLU55OLT0OT
Joan,Mcconnell,AOG52DPU7OO,NJL85LHX1LJ
Shaine,Gomez,HYG64TLC3EK,STI18WES1ID
Evan,Reilly,WAG95YBH7MI,QDF68TWS5VA
Lillian,Savage,NQW63YMI2TP,WPJ96CJU1OO
McKenzie,Jordan,WGG75JLW1HT,ZRB11JVK2DH
Malachi,Rocha,ENW51BYO2MT,YIQ42CVL6GM
Kareem,Chambers,EWW38LXN3HQ,GWQ25KWH5BO
Kiara,Mooney,CVP11PTQ4MF,VSB42GEF6QW
Amber,Briggs,MTZ56HCR5PU,TSW63OAY6DJ
Amena,Walters,USH08NCE5UP,PJW44FRM4MT
Ian,Goodwin,PLJ29OLY4DM,OQU06VHJ7EX
Fitzgerald,Barron,ENS91SFS7YK,THC86YRX1MU
Montana,Fields,NSB15IFW5SP,CTB77LYR8ML
Ronan,Wynn,PTK23OOS9IC,XQE97YTK3RW
Octavius,Rosales,KTR29CCV5VR,FOK51OUQ8DL
Baxter,Beasley,DIW23RPS6BO,SXI57QWD6PY
Hedley,Powell,PAR04WJG5PI,OFO45UCD2KF
Victor,Monroe,CKY50SAP4EP,EWW93MHO8PN
Doris,Mccoy,TJO35VWK8QW,SDG82TQE5HB
Isaiah,Kelley,BHX54WRZ8PQ,KBU01HLC2TS
Kirby,Morton,XVD25EHF0LV,IFU70RZF2JY
Walker,Bruce,TSB33NIP3LS,KWH53UQC8JC
Isaiah,Joyce,IVY35GXW1ST,DTR96CXD0HU
Isadora,Mills,RUB77LEJ5ZV,JJO75KGR7FN
Lewis,Workman,CRL73UAK3BH,VYZ16FHU3XL
Sarah,Wilkerson,QLP68EMN5ZK,DSB30QMJ4WY
Miriam,Copeland,EGU16OJX3UQ,EDF73JXB6WX
Wallace,Torres,ENM81PVS9WB,TVD08VEO3VD
Merritt,Barlow,QMB81CYO2TJ,KDI40NXF4GX
Kasper,Craig,SJY21EDQ0TL,LIV66KQN7VI
Hayley,Watts,EKO66JJN8DC,UEO47XXB6BF
Samson,Landry,IXT35CIR6OQ,WJK04XRD1FY
Germaine,Brown,DVM48RIN9CY,EUF30NCL6NM
Hamilton,Snyder,FRH94UIB2VJ,MIV13JCU4TV
Harper,Haney,PFA05XRJ8TP,CWA00USN4BP
TaShya,Crane,DYC09XQC8VC,KPA29GFF4BK
Rooney,Fuentes,KQC48XBM3HV,FFK45SFV4WL
Jordan,Barry,OTP35KZL9YX,NGD95YYA1TY
Adria,Goodwin,KVF33LUW8TS,VVI55HYJ6RM
Zenia,Guthrie,OQP08KKN5GU,UVM10CGL8GR
Uriah,Bartlett,OLY20TDG2WE,KUY59TWP3ZK
Virginia,Woodward,KWD97LWT1ON,VHU27UIM1TI
Ursula,Pena,PGY21CGJ5SM,THH14DCV9EE
Thaddeus,Alston,JQN89VAL2JR,BLX59TJM8LJ
Ryder,Robles,OQW46LSO7MM,WEC37ULE1DT
Desirae,Young,IJL61JRX3HD,SSE12JGF6BA
Bianca,Dotson,ORV16YWJ9GI,FBX47DBW6IY
Imogene,Cruz,JZK35KGL9FU,DAG10MKS2YB
MacKenzie,Mcneil,OKK45IRU0RE,ZCQ55WMU0WH
Acton,Blackburn,LRZ00PMW3GN,RVD75JXA9NO
Lyle,Goodman,EMB92HHK8TI,HKW46YOS2WU
Hanae,Parrish,WYB74EVC7MK,OKG81NRL3OC
Allegra,Stuart,LXP40VKD2PL,NKO02UBM7RI
Carter,Hester,RJW44GTH6NZ,BBQ44FVX7EA
Fitzgerald,Gould,SDP20OHN4SG,SNO56OVF2DQ
Damian,Lyons,MTV76RQB3QY,YHR72DVK5YX
Solomon,Glenn,LUK42MCK6JT,VWN44LGU1PJ
Bertha,Hansen,AWJ12YDC9RP,BFW50QDM6RG
Naida,Maynard,PXV12KEV7UT,FWT93ROM8ZT
Tyrone,Daniel,FUW24ZKX6DY,UXS71BMQ7TQ
Cynthia,Collier,YJG08VKF6HY,OMH23CWN7OD
Kylie,Johns,FQF66BNO9VM,NOT76FBV0PS
Gail,Guy,VJD57MNT8LV,XMP45HTW6TI
Sean,Case,DCW02TUB9WT,VFC51EFP1RR
Elijah,Lawrence,DOU27IGI4TC,TMK20GQS9RV
Thor,Dixon,HYF53EVU3AK,SQZ92IRD8MW
Clark,Lester,WHH44EWD2BQ,YAL98AQH0HL
Erin,Finley,BVA62WZQ5LJ,XWG73JUM6OH
Wayne,Alvarado,QGX44JTN8AS,PYR56BYO7OC
Mariko,Hutchinson,JFC49XJW2TO,GIX63LUE6FA
Sylvester,Wade,LIC51IKB5EA,HCJ38YCV2XW
Kylan,Serrano,OJJ16GTP5VU,UIE55YPJ1AO
Jessamine,Pearson,QIV21IWK5RU,CWH51OGY3ES
Chastity,Osborne,TQG49VDT4PH,XKO07QDA6EO
Eagan,Hubbard,DGS59XXT1QH,CFI08OQX7OY
Samson,Huffman,QRL91RNQ2OF,AWJ76UYR5NH
Mohammad,Burt,UCX21VWL9GG,GXI21SFE7UF
Emily,Logan,UMO78KMB6VT,EWF06GOY6RL
Stone,Ryan,TSN36IKB4IY,LYX14WZH1ZN
Amelia,Carey,ZXR14SXR9KV,ZWY57FIT4GH
Keelie,Snow,PDB33DUH2NX,GVM18DST9AC
Carter,Carroll,PKC45UFS1MI,HQK27OZC8NJ
Josephine,Sherman,SKX77XCJ0PV,BJG00NHU8LC
Ignacia,Vargas,POT20IYQ1SM,CAP95KRW7MH
Alexis,Mcclain,FUX27CUB6AO,PYC45JBZ2LO
Wang,Calhoun,FKO14YTR6PU,FOB36VUW3ML
Gillian,Schwartz,KVA17GZL9EM,JEF38PLB7SC
Vera,Morales,GFS73LPB4TC,QQG24JTN0YH
Callum,Hunt,WGT47XXV3ST,QNG42HTP9GU
Alyssa,Cobb,BYK89CGP4DH,DKW88BXL8EM
Kareem,Graves,EES27MBU0ZL,GKY67LKT3DG
Brett,Fisher,QWF39OWR8OS,YBQ04NRQ1FR
Yael,Decker,MVH35NHX1CU,YUV49QUR8SP
Timon,Mcknight,KYR32UVE7FB,UWJ56ZZW7WG
Melyssa,Holcomb,IKU76RNC5DE,HXQ70FIS7CT
Mona,Ramsey,HWV61CVW4KM,HTE66YKP4KM
Colton,Kerr,ITY89WEB8YG,MRO81ZVJ4TO
Inga,Gentry,TIH82HJH8KE,RSV34DIJ1GW
Calista,Cameron,BLD02WBE7MW,XQL59NNH5TI
Cade,Benjamin,JUS05THP8IC,PKM11QDK7DT
Emma,Owens,LRB18SNC3XT,VIE50HNY2JA
Knox,Young,GOP27EMU4XG,CKF84VUQ1OT
Chaim,Rich,RFO56CLA8BS,FBQ33SNQ7TB
Rachel,Duncan,MOQ65KLI8ED,ZWI58RFT7IP
Carissa,Mclean,IQT50WNJ8DJ,NJM84PPJ9QE
Melvin,Keller,SYJ22QTK6RF,RWP26OVN2OJ
Jana,Acevedo,CNJ91XHR3TG,VBM80UJY7PO
Zia,Finley,UND12RBE1KI,OTO71USW7QR
Sigourney,Randall,ESN13DWJ5OL,FCV17YOP8OM
Joy,Newman,BTV16KMD5YH,DTD37SYE0EV
Blake,Schwartz,SOS66MPO1XR,MTO31NET3HV
Matthew,Sanders,KIT33TNB8MH,HQB56KNS9EA
Tad,Nichols,NWC87SRQ8BA,NDT64ENO1LH
Ulysses,Ray,JNN78GOP5BV,TYX16VIQ2WX
Clark,Mills,EBY12UMU8WJ,XMN56BDM1IC
Autumn,Wise,PVF81FJC6WZ,NYK63UVT3MY
Daria,Montoya,YKV14QJQ5IT,KVG17RVD4YG
Cleo,Silva,FUF39VSW1JG,LRJ75RVB2UE
Dillon,Dudley,LGU32XTW2YE,PEP54KSH3JU
Aquila,Pace,POO84BSW0AQ,LPL42FIK3QZ
Ima,Bailey,BYM67TKY2VN,EWV05HGU3RZ
Delilah,Melton,NKH17YDF6BN,TRL73PFQ8ES
Yeo,Christensen,ILE70AZM2EM,RYC01TBF5MI
Jordan,Murray,BHR72XXH8FI,SZB64WPS4SJ
Winter,Buckner,QMQ80GSV5BD,LOQ39CJQ8KK
Perry,Schmidt,APU26RJI5QF,MBQ22ZNI3ZW
Stella,Spears,KWG23CXU4UP,YCR59NOI5YO
Eugenia,Fuller,FVI38WTT1UJ,TKN38RLO5PA
Patience,Bridges,XVS64CCQ3DR,ZKW63FFG4LD
Noelani,Burris,XCL81YOA5GJ,CIB87DXC8LR
Christopher,Solis,WKT57EYO3VI,IXT32MXS9YJ
Noelle,Rowe,FUB75FLI1WC,XZW12WST5ER
Nomlanga,Reynolds,ELP69IMB6TB,WPE37JAT5CT
Wallace,Bonner,EXD88BJO5KI,UUX48GMC3UG
Regan,Knight,PGK44XNT3PV,KML55LMF6NF
Kyle,Gamble,UNV64NUK7QV,NJN25RPP6YE
Alyssa,Sloan,TBF38OLQ2PX,QEH85XEG1EL
Jaime,Baldwin,KCH87QBY7XP,MUI77YGX5WU
Drake,Rhodes,LGZ50XBJ9GU,XFX67MBU5BN
Maggy,Peck,VKL22LCM4EO,OBU46DHO6QM
Mason,Hayes,UHZ76VJR8QN,UWM57RHZ7DX
Nadine,Kramer,IUP26GZD3MB,SCG22GEU5UB
Paki,Wiley,OMU64UFF1XW,VAU83IFR2TT
Camden,Schneider,ZTN12ZKM8EB,JNV62EMG6FB
Hector,Franklin,EEM84VXN1DD,TRG19NRC6LV
Trevor,Waller,HLY76HCZ9NN,CAY13KOJ7XR
Uriah,French,QRA33DSD4CC,SLR41KNK6ZL
Jacob,Boyer,PJL69KER1UG,VJE62GSR8HW
Tucker,Eaton,DAW44IFS2YR,ZFF17SXV4GW
Irma,Phillips,UTI35IEB3RR,JTA62FBO7RT
Geoffrey,Nelson,IMV77IBI1UV,HLI12EGO4OQ
Quinn,Paul,EWG57USN7VX,EZD80IOV7WY
Rogan,Burks,MRE78JOX5IY,SKI64SWR1MW
Lynn,Hayes,VIB35WKV6LQ,AEU07XCY6KY
Shea,Sawyer,LUW39IRI6QW,KST44ZEG3TM
Cody,Lynn,WTZ26VSM6QB,KVI36TBB1RN
Xenos,Crosby,TRV54QTO3SV,WJB54BZK1TH
Lee,Myers,NSV21SDI2RP,PDA47QMW2SD
Madison,Mayo,ZJO61LKC4MY,PYH10HHK0JW
Stephen,Cote,BKU73DHX9OK,LNC59KNG2PI
Lacota,Chambers,WVJ58VBB7YN,HDT05IEX7WK
Felicia,Brooks,VBL25RFY4AO,QCG81BCO6IR
Anthony,Hardin,PGX13LEN7BG,KOG37SZU6XM
Rigel,Pratt,NGT84QUW7LU,DKK73GBI2RB
Garrett,Diaz,WMC89WHG2KB,MOU42VHU0NJ
Molly,Cain,KVG26VIN7EX,BIE93EHM0DL
Genevieve,Bryan,QAE40XKM5QN,YXI54VWO5FY
Damian,Scott,BES17XNO6ED,RXU51VRD2HC
Tatiana,Woodward,OQP46MQW8HH,RVZ42MIK5LW
Leonard,Rowe,PIH83CYC7UP,BED44OPU1PH
Daphne,Nunez,IEP66EOC3MV,VKW78QQL8MO
Fatima,Howe,MLQ65APD8YB,VRU31YBE8YE
Hanae,Ballard,NIL34APL6PQ,OSW49YMI6EX
Shana,Reeves,HPI85UWO3NK,QPN26INA4BM
Melissa,Slater,ZMP72JSW2SJ,ANI34LLI6JV
Mufutau,Avila,DQH82NPG3LX,BJE51HEO6RO
Paloma,Dean,BLL67QOP4MF,URD02RXY4TR
Mechelle,Francis,GRV24UJL4ND,OHE36HCE6QS
Sebastian,Koch,TWM04QPL4FN,TOC69WOO3SC
Fay,Baxter,IUW43IBY9TM,MXT84STE2UO
Judah,Kent,WLM52LCP5CK,JVN38WNG8DN
Alden,Dodson,ZTT43SRB8OB,NXT80SOE4UN
Lucas,Howard,NXV22VTG0UK,PRS28GGX6YT
Timon,Hinton,EQZ51HWY6YP,XAR67ZFW1OK
Xavier,Juarez,YMQ35VLP3BO,ERV13TZT9OQ
Emi,Mercado,RUV11CPO5SR,OVI22QQF7AM
Rhiannon,Young,DII14EGP8TJ,HFF66EYL4FC
Ross,Mcbride,HFB67GWS1YN,FJI03ABD5NN
Ira,Barnes,LFD73JJV7PY,UPU25DUT5LA
Cain,Walter,HDG61WUR6EI,SSZ82IQH1WE
Julie,Greer,FRH37OFL8FB,OHY11GID2CC
Kessie,Bray,LWW17OWB1OV,SQJ30CIS2EY
Alea,Pennington,BGT84JSD3QE,OHO26RLP7EV
Brendan,Page,IJR14DLF5NR,IHS56LKB1KQ
Emmanuel,Schmidt,AOS05MKB1WY,TCK13NQU1BP
Caldwell,Wyatt,OZI56MYT6BE,AFF74VSB2WH
Althea,Delgado,CFM44IMB1BJ,ZOY13UGT6SO
Murphy,Mejia,WFE47YVW3LM,FFI71FEC4JF
Alfreda,Burnett,YAR68WCR4PE,UVR22QXN7EN
Maya,Chambers,ONX35HLT8EH,WTF37JFK5KV
Forrest,Hodges,FOS12XOP1XW,PPI63XVW5YU
Sopoline,Harris,WLG27LMF8WV,CGD84WWB2GL
Elaine,Mendez,CRQ20OTU5CV,SCY58YRX4LP
Amela,Coffey,UJN29HRS9ED,VRN35JIL7FD
September,Burt,YPS46VFB1PC,QGG64WFM9HY
Vladimir,Mckenzie,XUP11EDP3ES,VMB07DBN2DU
Rashad,Guerrero,LCJ46POM8VB,VYO34GAE4QV
Rahim,Garrett,DWG85IRQ1LN,EGW42GXB4SK
Rhona,Jensen,CRI88NVV1RT,XFS04KPM2JW
Katelyn,Rios,QVL26VWT3IS,PMR14BKH3ID
Carly,Hines,RTC56WXP7FG,LVC93GMY4MW
Larissa,Waters,YCV51GXY0DG,YBL02GKM0PV
Rajah,Glenn,GJH88XBD6ZH,TMP77OVW8MC
Mona,Whitley,GJP81FBI1DO,RYZ85BON2CR
Berk,Matthews,CJU11LXX1ER,WKE41BYR6BE
Hanae,Newman,IQT43XOG5XI,OIY28YSE1DL
Felix,Ray,VKQ46JAV7NL,RBT02SYP4RN
Veronica,Castaneda,KKT83JRQ4XY,GIY44PEB1IT
Mona,Solis,BTF42CFM3NR,PJI35MPH1JO
Luke,Meyers,CQC38HQV9XX,XWF63JGK2CU
Reed,Joseph,JKE63TUD8FC,TWS10TWU1PY
Colt,Lyons,ASL21IAM2SJ,GXT34BMQ2QM
Clare,Byrd,IQZ67MCN5UD,XEO59BKN8RT
Shaine,Cantrell,VCL26HUO1CB,LHP84GNW5IM
Shea,Mercado,RDQ87RDT6IH,GMW88YBP3WG
Harding,Burt,AGF38FME4BW,OML77WBY6NG
Andrew,Evans,SNF36LMY7FB,BUV19UUK4TD
Francis,Shaffer,INN63TSM3EJ,DYY75JYN6RG
Stephanie,Walsh,VVT74IFQ1TT,YIH93VES9ZC
Cameron,Peck,RXY19PRJ5FW,FGZ88PQV2WI
Hanae,Hampton,ELG23TLD0VO,OXX82QWP9BN
Gary,Hinton,IBS82BJK2JJ,UQJ45OIT2NC
Donovan,Delaney,PME76QCS1EE,DQV72JOQ4RO
Adrienne,Cherry,GXN75UFX5RL,VVP11PTQ7QB
Ila,Potts,XCQ52ZKL2CI,VYY37XQB3CV
Jael,Herring,VHS21YNC9CC,CNO93MDM5OQ
Vincent,Gilmore,TVP85EAR1UI,UYA18QAN2FQ
Hoyt,Cook,CEP24TEY4ZG,ELN50LYC7UG
Jasper,Perkins,TMS17EZQ5PU,DBB18UDW5RM
Fay,Humphrey,PQK93QCB2JR,NIX05GYX3YQ
Alexandra,Collins,FMY12MDH4HL,FNB26GBM3MF
Zephania,Whitney,GXZ58BWY1QG,NAP70IOH1KK
Amity,Jensen,NTF49NCT3WR,XIB22OUJ5CI
Aladdin,Bishop,PMN46RUZ4TN,ULO53RYX9UE
Zeus,Vargas,OGM87RXM7SH,WRG47FBX3HB
Serina,Knox,HIW51CEL9OW,JUG58YHI9XQ
Keegan,Ellison,DCV27IDV4ME,ULQ32LPD1HB
Perry,Fuller,PJS46PLS7PW,AYU41JVV6DD
Uriah,Estes,XFC77NMY6EW,VGO35VJL8QZ
Vaughan,Chandler,BGP52WTJ3EN,XVU66NUU9AC
Geraldine,Holcomb,LPR83QAB4WD,EML88EBR5NS
Noel,Dawson,NIY15WVS4IK,SFB56HRB1GX
Nina,Benjamin,ECB97FQC4UZ,DUR48HKE8VR
Quinlan,Downs,USB90NLU6LE,GOI85YJK1MU
Fuller,Cannon,HOK22DNR6FI,YWF28XCZ8EI
Janna,Kane,THC61TEI7RL,WLJ16LZM1ND
Price,Hatfield,PCG45IXR0TO,CZS04MXN8OP
Holly,Maldonado,PVO11FPC3YB,WGF37JRM4OL
Cyrus,Berry,XNH37FPW7YH,ABX67OVI7WO
Maxwell,Meyer,ZHO38QWY0CV,QZD56VSN9CR
Naida,Clark,PRZ16WNM3EO,KGT84IEG7AH
Barrett,Hewitt,QTY36EGY3OC,IUV72PKU2US
Gray,Morse,TPS72CVW4XX,RKT64GHF3LS
Martina,Callahan,NBH62LSI7JF,PIU39NDQ8UQ
Lucas,Mcmillan,OHW67IIL8TK,TXG28TKH3GP
Dale,Glenn,QNV70IYJ9CF,GOS85EBU3OB
Nevada,Fry,MSQ81IGY2VR,FPY91SOV4SF
Alika,Humphrey,SFJ68BSN7QC,IJF93ALP7TE
Rogan,Humphrey,VZS31FZT4PR,XBK57CPJ6QQ
Elliott,Nguyen,KZT53KLK7JM,UWV92RAW5EI
Bell,Harper,HOW05HWD7PW,BUS14HYU8LO
Gray,Swanson,KRV78BDP5KV,CRV36LKD2NE
Ursula,Wilkins,LSC57XCL6VD,JXL30WDC6UI
Magee,Gillespie,JKX21LBJ0RV,XWG59JGM0GB
Montana,Mayo,JUK78HVN2VT,FOI35DMA8UW
Henry,Cameron,VYS76VFN4YW,BRE22ZQK1BY
George,Mcleod,RRK71RMH6EL,XDA17FVR5RF
Christen,Mitchell,TOM16ANM7KN,INT05KSV9EQ
Rhiannon,Jordan,RLE54LVW6EY,EQL61GFI3LO
Jolie,Mccullough,DPK47BTE3DN,GBF07GAD2FO
Luke,Gardner,SWT45CRE6BQ,QYN24SOL1JZ
Emerald,Mcpherson,XYA28PXV9LP,LFW18LRS4FZ
Juliet,Frost,SGL33KHU3MM,IWW55PGF4BT
Colette,Sawyer,NZN26FTF8QB,GOK50OHL8RS
Xenos,Mcclain,CUV77KXN8YK,RWC45HSU4XH
Hadley,Cortez,WCK88PZO4OG,CII69WYH5JY
Montana,Chase,LDE04OYI6KC,EQS79XUK1UX
Honorato,Reese,ECS51MIY4NN,UUQ22DHY2QK
Joseph,Rivera,UZA78HDC2GY,VLV74CDG4WP
Jordan,Welch,KTS57LWH8LG,JAC84BVV8UH
Rahim,Marshall,NBX37MNR6UO,EGC57RLU6GJ
Erasmus,Norman,LCW84FBX5XX,OXK14BLQ3FT
Scarlet,Whitehead,GXP35TTI3US,FZB55FVI3YN
Hall,Workman,DDN23EUU1KB,UZE76DYI7TC
Pascale,Kelley,GDG07EBV3TL,IJX88BGH9VF
Carter,Good,MRD53QDC4VX,IUU11DLG6IF
Amanda,Benson,ASP91DMF6YS,NXJ15FBT2BL
Hedda,Chaney,YWD81QMS4KV,UNX42JVJ5JJ
Ian,Clemons,XES57RYG3MQ,CDR23QCT4CA
Eugenia,Montgomery,SFH71VGV2EU,MSG88VPP1DU
Knox,Clements,PDO99BDB1CU,XCV84ZIF8VT
Bernard,Tate,PVH36BXD9SW,PGB47MME1HL
Liberty,Peck,SMY61VWO8DO,VRB01QDD3OK
Guinevere,Blankenship,UWP41VMK7WF,UGE16BHN6JN
Odette,Rush,CMF87RLM6TY,HJV71IXT8OY
Hayes,Mcclure,MDK85VJT5DS,NES79TRC2ZV
Yardley,Hernandez,VST16DTS7GJ,PYF46JTO5DG
Melodie,Fields,OJX65USX7PU,XOM67UIZ1RG
Kalia,Mueller,OYY60XHN5VE,MWU52CMT9WH
Travis,Dodson,PQN76UWU7XJ,LYP60GPW7NE
Mercedes,Hester,XOQ25KJF4IU,TGI63OWU1VM
Hamish,Evans,OCD02MKB3GJ,WBB21CRQ4PY
Reese,Fields,MJY85VAX5ID,UMZ43MUX7HL
Kitra,Strong,GPS04QKF4IB,JMR91UMH1HO
Brian,Malone,KJV86TPB1TT,YZL61CFN9MS
Larissa,Ayers,SIE08ZSV4VU,JGZ78IDN6SO
Ignacia,Morin,PII03KHY3LL,ZXY92OEL1GF
Dorian,Valencia,CRV34IPD2RR,EMU65RYI5FJ
Charlotte,Pitts,DVM34OJP4TB,XWR94IRH2OC
Nissim,Ewing,EQX70CTM4YG,TWM32SWC0RF
Minerva,Travis,HIB87PYB3WK,HCU38GBY8UI
Wang,Wilkerson,UDZ76FCL5TN,TXJ04XAT9QI
Lacota,Rosales,PUX33RXY3WX,CCS28FQX8PO
Tarik,Walters,KLZ32HWY3YH,CYA57RCV7KB
Jael,Roy,EWE71UGW2XY,BIM15UKY7LT
Jakeem,Waters,IDL47UTK0YT,GGK34YVH5BF
Daniel,Garrison,FNL15UCK7YL,TAJ86LKU1PW
Brooke,Lowery,MUN43HPD9PA,IUW47KVV7TC
Kyle,Stephens,DDY36TYW2BH,MXS45ZHD4XE
Elizabeth,Charles,WRH96TQG7MT,RWC27SEO2NE
Kennedy,Dennis,KAF69IGK3FM,KFZ20CSQ8MD
Riley,Bean,YCE99SXH9QT,UKS54IFM5RK
Dominic,Santiago,XUN66YVW4YA,EHY38HXN5QM
Malachi,Stephens,OLC32OKI6PY,YXC57AIL8WU
Bertha,Britt,PEC56KDE1EO,SSE11GSI4BF
Rachel,Ingram,LHK37COU4IF,XHR14LPT6XU
Brody,Summers,HDG08QNJ3DV,NQM58ROE5IR
Madison,Mcgee,WCV31VVE5WT,BEW42BDR1YL
Amena,Green,MJK47QSM2GB,HQP02KKY6KC
Quentin,Kirkland,TBU67NDQ7YN,SWP87GDV6NV
Louis,Larsen,VTN54HDG0MO,NFL06BLT3VA
Amy,Torres,TTV41CFI0VA,SVH72AGB5YJ
Caryn,Owen,LQV56CSL5GD,WVK03FOU3IL
Xyla,Battle,XVR14WSY0DV,WHU85XGC3IY
Victor,Moses,MMO32VCX6OU,BKE56YGE4GO
Caleb,Hebert,LEJ97JPH1PO,WKD76KIQ5KG
Ulla,Snider,ADL75AMV4LL,OQS98BSK6EB
Jillian,Houston,ITX75LYU2ST,ASD55LWX1KN
Shana,Adams,TJP85RMU3BD,AQI44QLY8BE
Haley,Short,NLI37GRJ6EW,TEC89FDJ4LR
Rogan,Knox,QIB91IIH1HH,ZRR59MLK5HM
Evelyn,Pena,LMF31RII7JJ,MUA85UYP4US
Wallace,Lopez,LUE22DPG7ZE,YBF58FWL1DM
Zenaida,Trujillo,SEJ21GYV8VJ,RPI36MXG0WJ
Rebekah,Tyson,PMD96AIW4DK,WTX09AFO2HW
Valentine,Mercado,ICN55HEL8IU,LLH94MDS2JK
Kiona,Sanders,HOP51XEI1FA,GLM08WJF6PM
Hop,Barber,WVL84RNP0SK,DWG31AJG9HH
Marcia,Smith,PTF56FDP3MT,SLX18KIA1DJ
Lewis,Herring,UYB05LFD3DB,OFB42HIR4GR
Axel,Mosley,VYN84IJV1HY,HBS58WWB0KN
Kelly,Garner,PSJ82WRP2MQ,FYY88LDG4MG
Ashely,George,ZMU86ZWL6ST,EMB57DZM3PG
Nicholas,Suarez,IJM67LPU2GB,RIR42QBU2GW
Mohammad,Townsend,UFH78DND7EZ,XHE55FFZ7LY
Damian,Bond,MQV49VDB4HO,ERO81HOY9NG
Brenna,Kane,VFK92DKB9PI,CFT79CWD8GT
Denton,Reilly,IOQ08AMS1GD,OMV68XEV3UH
Aurelia,Vaughn,UAA68YGT1TU,MWD65SLM3NN
Ryan,Brown,GWU44FHF6VV,YLW88XPO4VC
Tate,Robertson,MIX11BEC5FM,SBF12NVQ2YE
Nigel,Higgins,SYU33IQN8DH,GLY56KFS8VO
Cullen,Carver,LNW12HXQ7GF,OLC10MBN9XQ
Cara,Benjamin,JYW33XPM4JR,KDE84ERU9UN
Mollie,Rivas,HDR22IKB3IJ,RET92TIQ8FW
Channing,Barlow,JEV73OMF2GC,MRJ22TIF4NL
Nola,Coffey,ILU64KDX1NL,LIZ16ZJG6VT
Catherine,Dotson,PWS31SMB2MG,IJD32UXG6AO
Orla,Sargent,UQX11GVY5VP,CYP44WFM2BN
Karina,Mcleod,STX67YCM5FF,BAG80JON8EJ
Grady,Woodard,CPX75KOD1BG,AMI18LCC5QK
Carter,Chambers,XSU58NTK6BV,PCM23HJY1RR
Charde,Dodson,VTC11VUL0UW,WTR63MMH8PF
Geraldine,Graham,GWQ18CIT1AV,WYA75ITM6EY
Seth,Taylor,JJC79ICS8CT,HFQ61FCW7NA
Breanna,Howe,TDK13OCA1FR,TXY06VLG5LZ
Gregory,Albert,SMH63ENK5NQ,JII62ZQO7YU
Silas,Munoz,CXP44REH8FF,LKT97EFU7UV
Carter,Neal,IWX50POW4ZJ,HCB57YSS3QH
Mari,Carey,ODE75YEI5OD,IWB76KDC0FU
Adria,Solis,AQR07ELZ6GI,QGM65YKX2TD
Haviva,Webb,JRC93MOM3NP,DMJ74GMV7AE
Iola,Michael,BUP09ZPR1HG,GLO57EUI3DD
Jolie,Durham,IWK83VFV2UF,MQK07VNB4XG
Althea,Hughes,VST45VDZ5EG,JVV53BEN3TD
Xenos,Gonzales,YQN15JGP3LE,CEO78TEI3KH
Carly,Green,OMB68ILJ4GM,MDT74PYW4NU
Rafael,Avila,NMY35XUR0WU,GBN35OYM2CV
Allistair,Gutierrez,FWP25BXB7LI,HSO58PEM1VI
Lillian,Wyatt,HNH13DUR7UV,RLH58JWL4YZ
Blake,Rodriguez,JNQ52WMV8LT,OYN40IJM7UN
Kevin,Hines,MDF87BCC3OU,DJP68HHI8QR
Skyler,Hopper,ZGV64HQE5DJ,HHB17PKC6RM
Darryl,Mcpherson,HGX72NQK6LR,YOK08BII5XG
Adrienne,Richards,AVH47NYI7SB,SBI10YAV4NY
Neve,Donovan,LHF15BLB1WL,UWW81SQE7BV
John,Wilson,QQA80ZYL9QI,PAS64WQD2MO
Morgan,Petty,JHH51YYP1IW,LBF33NQL7TG
Madaline,Hodges,GOM30KSJ8RD,GLB37XKR1WE
Lacota,Walker,ZSX22ZGQ5PH,YNG32NJD3RS
Arthur,Shepard,UHN53BQS3UF,ARI59BNG5RY
Paul,Hull,KBE75ADI7VQ,BDT43ZGY1FR
Thane,Barker,XVD87KLT6JP,VYG26KGH1NM
Tanisha,Kirby,QKV30IUO7UJ,DFE58MMI0FH
Mikayla,Elliott,SRG72WBA6BD,HJD73DEC6WQ
Phoebe,Ramsey,IUT35CUJ6CP,KLR34HSC1XP
Nicole,Robles,WPJ45KSV7GX,YLX16YEQ2XI
Madeson,Tyler,RAO30QKX1UF,EYI48VQK5MD
Declan,Sutton,OGH45PGF3VE,HKT01DDG3UW
Mollie,Murphy,WMN56TGQ2TR,AEZ75RGS6LK
Yeo,Montoya,CMH63TOC2QB,QKO48UXS2UD
Stephen,Hancock,GDH49OHM0IJ,EUV61QLL4JZ
Mia,Clayton,QAL83MNB7IJ,HNP17XJI2AX
Daquan,Donovan,XVN73INK8PP,UON85GYK2WD
Ori,Montoya,HEI99HJI6DF,JCF71CIS4WU
Dalton,Meyers,PGC26EUK7MB,JKO58HPZ5XJ
Breanna,Dickerson,CLT64HPC6DM,GHB64CMO9KC
Kim,Hobbs,QWQ87TUN6DD,KDV48IKU6QK
Dorothy,O'connor,GKN62HOQ9YD,VHS53SJT5OG
Brock,Hill,TUS46CJI8KA,XCM98JJC7FL
Hyacinth,Elliott,SUN96OYN8NG,MUP79GJH6XE
Yen,Coleman,IDB80GCJ1QG,BPK26SKJ1VN
Dante,Mcmillan,CMD33CUE6KX,NWP83MGT0XH
Ingrid,Hurley,OSL68OED2BM,LEY64VMV5PD
Veronica,Tran,VGH20RAC8II,RAY58YKE6LE
Andrew,Small,FYE21PQL2OT,YKB87IRV3ZG
Sonya,Walton,QMO29LSX0RC,WGE96GTW7GK
Libby,Torres,NVY62WUD1KI,AVE32XNG4VK
Hiroko,Greer,KYU41BTP4IC,TXV83DTL7JA
Jameson,Byers,JIH83OMX4BH,WRD87BPR2HD
Dieter,Nguyen,RWX16XBT2LA,YOI08IVW2LA
Elvis,Fulton,TRB17AWV2IH,SDN42NRR7VE
Carson,Miles,IJY83RCD6JC,COF42YYD4XH
Irma,Owen,EXF72HSM1AL,LWQ01XOL4NE
Rhiannon,Herman,CJU13GPM3TE,BSY58PHS7HK
Nayda,Mccormick,EKI38XBH4RU,YBG80GHJ6YW
Lesley,Buchanan,AAR67MNL3SR,MOV49XLZ7FC
Darius,Kim,DYK72GSB0NT,MGR79UJJ4TU
Marsden,Jacobson,IJL65HOD0JT,XBO84DRM7QV
Chaney,Mason,JSV17SSC8YR,JBV42PVD8BQ
Rhiannon,Spears,ITW41RRO0JI,NPT67SYA3PL
Skyler,Delaney,OHG14CSB8YN,KBA48UMT1XU
Dexter,Brady,NBI14CSX5ZV,NBB67HFT4RT
Sandra,Davidson,GSS81YVX2CY,PEB64UMA2LG
Brenden,Jackson,NNG16WIJ5HV,GXG98IUV8LW
Ursula,Beach,TIH24OPC4CH,QTR66TBH2QG
Flynn,Stein,ILW37SYJ2FN,BIU35PFR3KK
Justin,Reid,SEB16EXT9FX,TKD01MUB5EF
Yoshio,Shepard,CIT94LGF2GC,XYC75SGU7AX
Sydnee,Dodson,GWP49KDU4CV,WJI20GFJ5DE
Gabriel,Greene,LRN16GYR2TI,LET64LUK2VV
Addison,Douglas,SKL46PLN2SH,KMO98ENY5TQ
Carter,Poole,GDC40DVD3RR,GTR97QPW8RV
Colton,Rollins,WVZ33DTB4KN,TLR21BUC0XK
Amal,Green,BLJ94EWP2XX,IXM87OGI6GV
Risa,Mullen,IUM26WBI1BW,PNF76XUZ5FD
Jermaine,Mercado,MYT51EPR6WV,DQH62OGK4EV
Maxine,Hughes,NYE37QLS2GV,HRO05IMN4VB
Melinda,Harrington,TDW82UVF5VF,RBA26ELO0HD
Igor,Salazar,XZW47JHT1DH,EBD87NVJ2MF
Kadeem,Tran,JGO45TNM2CQ,YOX11IQJ1HI
Keegan,Sweeney,SDS71EMD3QB,GLT57UNI2LB
Sybill,Wilkins,YDX47UQO3JO,UBU68LCC2QB
Hu,Walls,WGT25JPM7OB,VOI90KYK2XK
Clare,Moss,KFZ11PVN8KI,UYO47OCB1IY
Ursa,Frazier,MRT38YON2II,HCV78VQW4JG
Brooke,Grant,FBZ56FLN8JB,MYA79XWC7XV
Katell,Reeves,TOK16LNJ4KC,WRT11HDC3WT
Philip,Sutton,KNB05ZDH3MX,LMG76WVG6XE
Porter,Bradford,UJU84DHO8SN,MWF96IQA8VB
Dillon,Dorsey,POU11URQ8TN,BHS01EWH4WC
Freya,Phillips,FUY54ZJA2YH,BCH64QMB3HO
Beverly,Grimes,CIE78GVX4SH,KWV87UQK8PY
Baker,Shannon,QZT18XYG1HJ,RGR68MDJ7HA
Cherokee,Fox,HIE35RRQ6XC,PDM55UFT8FH
Colleen,Dominguez,MOZ55TVE9WC,PIQ82VQR5KJ
Aristotle,Phillips,BIF61YYM1LV,OIX41YXR1NN
Byron,Giles,RAL58VRD2VU,RDO54UTM6WJ
Curran,Parrish,VFV24MDB6GV,YPH29NKB7VQ
Orson,Ayala,HES48RKN3OD,RMG31ZLR6UX
Cain,Saunders,CUW09PXN0OG,ACC08SAI8PO
Tiger,Howard,IRF14XIZ5TT,QEU98VOV1UM
Farrah,Simon,QDE42KXX7KY,FNI61CLN6VK
Alana,Berger,EDH91GCJ8UH,VFA51MPI7GW
Talon,Rodriquez,KLV33DHA1BT,ELY34BIF6RK
Sarah,Cunningham,GYT58YRU5NW,YLT51YFY3NE
Minerva,Dorsey,SDM71PQL6FT,RRC17JIY0BB
Brenden,Kidd,QJY88WTV3LV,MAX50YKY4EO
Tyler,Caldwell,GVP64EGH6KH,FMV69ERY5GN
Molly,Jones,SRN74MEX3OY,TQA43PIG1JS
Tallulah,Soto,YYV81GVS4UT,HSN73XPM3MJ
Paul,Simmons,DSO84OQQ5LK,NTW52DGD7FB
Arthur,Washington,HIH19GKX3YR,CVR40SHV1PK
Valentine,Bolton,YJS88QOW1YC,BWK18FJG4PP
Nolan,Murphy,NPK16PQB6RL,TYH37PJL6IT
Melodie,Dixon,XPE81YCO2OK,MWC27DPF2WH
Denton,Hall,JSB21QZM3IP,LNC90NJJ2IQ
Kennedy,Wiggins,XRK69OBF8PB,YKU35TMR7PY
Damian,Carroll,FJY90XGV2XS,QFB31ZEL2ZK
Uriah,Stephens,HBW67VLE2KG,VOL84UOI6RS
Allistair,Hayes,BIQ86IGU5UM,SNS23QDW7MK
Prescott,Harrington,PGS32JZT6BD,TFD30EDD5TM
India,Emerson,EQI45BDY2ZK,SLK21BSU1GZ
Drew,Pennington,XTU71RRU5GP,ENH70RYV0KM
Graham,Ingram,VEC07CFB2HX,KWA25WSB8NM
Simone,Saunders,OSS88HQH9QH,XQP24LSQ8ZK
Alfonso,Lindsey,SBV16HGH0OL,NHX78PPW8VJ
Lareina,Riggs,QLI05FJO2YS,MDN07KDC3OV
Madeline,Rollins,HHX02UOY6SG,IVM94KVN1LS
Tyler,Ingram,EVP84ILS4OU,WVK86NCN5RJ
Timon,Morales,QBX34YJU2TT,SAU42TNE4QW
Miriam,Baker,XPX07LHY1EK,TSC64STQ4EU
Emerald,Sexton,MSJ14DGQ0DE,KYU12BJE4IJ
Zenaida,Richardson,PCY20JYV8HW,HPQ80EVE6OO
Lana,Bird,QIE58NXC3ZS,VOD62YPM3JZ
Raja,Aguilar,NNG76BFD2FY,FOW17TPT0NP
Sierra,Stephens,EGN14FYV1YG,WDI68FPC4MV
Giselle,Mathews,TNJ62EHS0YS,QAU19BDI6MD
Risa,Curry,VWO71BXH8ZU,ISG88UCT5CK
Matthew,Rich,ICD18JTK3LG,CWE43FIC4WQ
Kyle,Pratt,DDD71LNH1TX,XCS65LTY3VE
Gray,Howell,SQJ45DNJ5VH,JBX37QDR9YR
Paki,Austin,HLR12CKA2WU,JEK73BBK6QE
Whitney,Fernandez,LMK71AJZ8UN,MAT85KPW4FO
Scott,Merrill,SEM69JSJ7CR,WTS16JTT5JP
Lillian,Wiggins,NGG36FTT6HC,DWY25GWR1HO
Kylee,Conway,BUX22VJJ5RN,RWP08GVI4OW
Raymond,Potter,FIT08BHT0IY,GHD39PEP9VR
Zenaida,Bridges,FLP20HVB5QK,PIU18IIN6LN
Camden,Ballard,WIT36OFG2YV,IRK03ORR5RD
Marny,Wilson,SEP81SMB0YE,CVU80IGT4QM
Haley,Shepard,XOE57CYU0EO,ZYP53BPU7OM
Odysseus,Cannon,VNW52CVO6QC,YQP22EJR0DI
Gannon,Stanton,FTJ65AEJ6JR,LBR75OSJ8FM
Wing,Lawson,LKF66ZPR9QV,KYT73BTT6PE
Molly,Padilla,OIU85GGK3OH,PDW86GVM5JV
Sade,England,RRO27UUX9KD,EBL23SRE4NS
Giselle,Green,NPR48NKE7EP,LCT56CNH3ZG
Melanie,Gonzalez,JRA39FRZ4EX,ODR15DJU1EX
Hector,Pitts,MFR43XBL6WX,DVM96DXC6XK
Doris,Bolton,AXT85DPL1FN,HNK17GYX4HB
Roth,Freeman,TNK42NXD1FN,NRL70MVS5FI
Bo,Stanton,PSC35NHJ7MO,XMS43UDB1NC
Urielle,Morse,QLQ13FJB0IH,WOE61DTQ5LW
Ryder,Kent,EQA12NFN6CW,KVT94TCD2HR
Russell,Carter,SOI35MPI7GO,PUJ13EQS3LC
Abra,Neal,ICW70OPN2TV,JWC62HHH1QU
Darryl,Bennett,KGK70CRN1MJ,EBR78UOF8PF
Noelani,Haley,LMC71FVD1TP,VVY03HMQ7MS
Joshua,Best,LQF07RCU5XS,INI63JXG3PY
Sybil,Franklin,XTI44WAI5PC,BMS64UMO7JA
Channing,Cardenas,MGH28HKN8IW,WIQ09DEM7WN
Wing,Stokes,MDC76PXM6KA,DDE58DJN5CS
Evan,Flynn,IHA26NPT2QG,OCM84RET5TA
Charde,Harrison,RNJ56SXK7EQ,BAH71APL6NZ
Susan,Benson,PAM97SST6DY,WBW24VUN3FG
Sawyer,Reeves,KGN13LWJ2IG,IXF48FAY7VH
Griffith,Poole,FLL55YGY2JS,BCR81YFS7BF
Rae,Baldwin,VTD78OLS8GL,NCO32LQN7GS
Lavinia,Perez,IHJ69TAZ8KH,UHG71MJY5HQ
Troy,Woods,TZY82MKA8WL,VVL34YCL7CI
Anika,Gallegos,MJC84OJG6QV,ETP51URH4US
Zorita,Mason,RDT17KND3XW,BGN03DYR5UC
Jillian,Gomez,SKM73HPQ3OX,LSB83UMY9CV
Wade,Mcclure,THI06SHE9BO,XDY55RPR1MP
Kylynn,Jones,SAX54PRC8KZ,LCV13KWU7VM
Gregory,Wiley,GBF01IAD5RB,BXC29KCM1CL
Deirdre,Salas,WNM72VRX8VY,VEU78DCQ2SE
Shelly,Valenzuela,GQN17VYD0OO,KJM82XDU3LB
Alice,Acevedo,ROL12NOM1DA,DLU82NUO5WR
Demetrius,Booker,GTB14JOJ2EM,REW30GUC2WV
Allistair,Conrad,QKR25DVY4MI,KHA41PYH7BN
Vera,Keith,CCO88TFT4EQ,GWU48RWU7GX
Trevor,Sweeney,NLO51FPC7SG,SKC51SVL9OX
Benedict,Hunt,NMI17DVR6ET,WJS11RDJ3GR
Dennis,Reeves,LTA23WFL0AG,DXY87ALE9LP
Tasha,Woodward,LDZ57SGF3RP,HKV98ESQ2LL
Nash,Hale,PIP91DNC8JR,XFV86EHG0DX
Maite,Hayes,BND43IZM1CV,EZA26JDE4QX
Jerome,Mccall,RMS25LET8YB,SJL64SIK3TY
Abel,Conrad,VSS53MFG9RV,KCE20ERV0GB
Caesar,Pitts,FLS71YKQ6HB,FNL42HVA9WC
Nissim,Berry,RYX17NGM2PE,HHN24YCQ1OD
Shea,Chen,SPQ14EFG3YF,TUG76RWE5GK
Tanisha,Freeman,EWG16MWD4WV,DXX85CYI5QP
Yuli,Douglas,LPF73NFO2RL,MEP39TEY3NU
Nicholas,Atkinson,JSH52LOG5HR,LQW76VQS4MV
Troy,Burch,VYE87JTW0RK,RSO02BXO2XJ
Quin,Ballard,POC11SBB8VD,NOF25GQP8QB
Kylie,Graves,CQQ09ZOY7LU,OKH34DUJ8IH
Aspen,Dorsey,HEN08HDN1FZ,PIJ16CHN0EK
Colette,Everett,XLT24HQH1PA,GDQ85IIN5GB
Tara,Mcclure,CFI39AQD1DN,XWT61MNC4OC
Brenda,Poole,HWG38KMT8NJ,PRY43LKR8UQ
Joshua,Fuller,DYU69QEJ6ME,HFU74JTK8DU
George,Mcknight,YHV46RXL8MR,VKQ07WBG8SH
Abigail,Yang,GFQ36QQF1OK,ORK16ZKX4EA
Gareth,Houston,NGS88EAQ7MM,XKQ36MBD2PP
Wayne,Hale,JTR03OMU3FH,PYM63SCV7KL
Uta,Horne,KLM54BRM8QO,QZD72OPO9CN
Felix,Russo,CIN20PWF6DC,UDM42SSR0OW
Melanie,Stewart,ZTM46KYL2TS,FQZ26SKM0BK
Hiroko,Owen,XLJ47GDR2EY,PBR57VCU8JU
Perry,Avery,AEJ82QHL7XB,IKK83WPG0AM
Zenaida,Bishop,LRY71DLD3VR,EYZ84YCE8PP
Tashya,Carr,KIJ67DKV0CN,ONO94ALQ7HZ
Julie,Mccormick,FIB03YBO4KM,RNO37KVX1AC
Melyssa,Hurley,KHH95TYN6RR,HGP21DIE3UI
Brendan,Giles,MIM27GWZ9MX,UMM41WVT0HS
Michael,Hammond,IKI78SRM4OQ,YMT37HQE6LL
Carissa,Steele,GUH35APS2EF,HQI66PMB4CC
Xena,George,LPM29RXK6BZ,KTQ37FBZ3XC
Michelle,Myers,EIK87CNU7KL,VEM67JYG5VN
Kibo,Barnett,EMY24NBQ5EL,TMI75LJM2LX
Chloe,Dixon,JUH19GCV6VQ,NQR61CSP6HU
Edan,Villarreal,MSM54HCD0LU,PFG70PQW1PB
Trevor,Mccullough,KSC23QVY4WC,PWR90PUR3UG
Lionel,Kemp,FEB05XNT1XU,LNX36AZY0KK
Guy,Riddle,CKF33IGK1AL,DRV01YYN3HH
Jescie,Bond,DKG63RTW8XN,QXJ12GEV3WW
Dolan,Britt,PAK42MLI7KR,HHZ33WIB0ER
Ruby,Ballard,SQZ74STI4KQ,VWK29STG0TZ
Sylvia,Harding,YZR79NUN6JQ,KKI46XLQ7GA
Grady,Bonner,GXL46QTK7EP,SKN21HWT7PY
Flynn,Randolph,RCA71RYR2WH,NQR60ETJ1PW
Eve,Wells,TSN05GRX7SG,AWC89TXN5JW
Shaeleigh,Campbell,ECK89JPB4AX,QIL58UBW4NW
Nita,Combs,MWD36JMG4PL,FKG87SYS2GI
Gareth,Livingston,EKD87YBX4XU,AHC92QBR5HP
Christian,Greer,KAK77JMD1NN,HVE57KNG8DA
Chase,Richardson,EAL16BDC4XF,GLD71QNY2CE
Rhona,Dyer,ILO33PXC2RG,SJT43DEJ4TB
Keefe,Leach,PHQ23HKS1IJ,BST97HUH4WJ
Hedy,Mason,TIB17ERX1QN,VER33JBN7VC
Kimberley,White,USV87MDQ2CO,RKM45FOW1JT
Burton,Ford,YDB63ENH2FJ,UVG45QFQ8RQ
Raymond,Spencer,XCU55UIN4GN,FNY74BVO6DL
Xander,Lamb,YXD82MBI6NS,YLC45OFV1KU
Brianna,Marks,MLY87WUB3PR,ZXB20UDX2UU
Jane,Peck,DNI68GFT3FC,YQW19AMO4QL
Sade,Meyers,KOQ32TOH3TV,KUC24SFV7AT
Alexa,Wiggins,ITL28XXF1TA,BPQ90GSD7PN
Camille,Franks,VJX53RSV9FY,TIE52FJN2GK
Juliet,Ware,ZIO25HFK7UI,UFW29HLY3FV
Mallory,Hickman,PGF36QOY8RS,YFC27YXU2PK
Brent,Gentry,RUV53NKS6FC,ULW66PDQ1GU
Latifah,Kline,ATV25NIA0SL,XPS33LCF2HI
Thor,Arnold,CPJ30YRG6LC,JRL58SPC4EY
Lydia,Cabrera,VRC64EUL6LS,BTJ15EOG3AR
Gisela,Blanchard,BTO53ELK3JP,NJW21TBE8BC
Kaitlin,Lara,ZZB56MOK2EQ,RIN92QHB5ML
Malachi,Tillman,NFR93YGY3EL,BBN31PTE6KK
Bruno,Rosario,VXV35UKS3NO,KON95ETX6WC
Axel,Woodard,ZWU65WZO6DD,YJI23OUK7UR
Kasper,Stark,QZX86RWI9OE,DNR61QJD6YP
Ryan,Mcleod,QIW49CUC8CR,FXD14LJM6KU
Jolie,Chapman,PEC72JSV7OR,TCJ53EUU2ER
Lane,Bird,PZQ24VHD8HY,CDI58VLB7VX
Dominic,Hooper,MOR24WKE8CD,ACI34UKM2QE
Preston,Moody,YLH35VIE3QW,LHU86EBG4NL
Fatima,Holcomb,SQP20UKV7TP,XJI35JMR2FV
Bevis,Roberts,SDB88VLR1PW,JHF36DTR7SQ
Jack,Berg,RXT88EGS5RX,XUP58JHN0PA
Kareem,Pacheco,CHC22VRO0TD,YLG62KEA0GM
Aiko,Branch,VRT30WXH7LU,KYD48HPN8GM
Nina,Brock,GBC77HLO1UG,IHK00YEV7XD
Fiona,Davidson,KCB81LOH1OF,LQI20VKU3IA
Garrison,Browning,KGH83OMX6DH,SCR80IAO1WE
Megan,Mcgee,PLM62PJL4PL,KEC81UHY3RS
Tanya,Conway,UPN63ZDP2UV,XGC89QVJ6ZL
Samantha,Rose,MFD54JXH8QM,VRK82OTM9CQ
Benjamin,Wolf,HPD87LII4WB,CVE61ILE7NV
Amela,Pratt,GYU85OXM2DQ,NPM20PRH3KW
Baker,Harvey,GAU76UYJ9JV,FYV68VWA5UL
Liberty,Daniel,QHY25MKH2GD,WBU05UEP6ZD
Maxwell,O'Neill,OCJ67VJU3WK,EDN02FCG2OL
Troy,Patton,NUM46RZQ7QV,BMH18ITG7QN
Jade,Farmer,TTS67RFA7LO,PXR00LTH5QT
Vincent,Landry,EYR43IYL2SW,MTW42GQK8WI
Eliana,Ferguson,QKU04RDJ1HM,FYC80DPS3YG
Chase,Villarreal,RKT14RIK2PF,RST63UDO4AW
Heather,Wiley,WFU07KBQ3KW,DNS01TMF2IZ
Adena,Elliott,OUR98RIQ4BO,WXP59VOT3DB
Beverly,Knox,FIL74IBM8TT,MDC74SZM2CB
Barclay,Bonner,ZUO55QMA1AJ,PBF38IOS8LO
Xavier,Valdez,BDV86XCH7FQ,JQJ36CTH6YB
Ria,Contreras,EWG68NTU1QH,RXJ35KFK3RY
Shafira,Pena,PCV71FLX1MB,WFV16SAR0RR
Tate,Suarez,FHP69AJL4CZ,GWY92DYR5EK
Whilemina,Schwartz,GGN36AEN2GC,RHK48URK2LE
Wyatt,Bright,OZU22HMW9LM,VBN70QFM7GK
Deborah,Foster,ONL79GZQ3OE,HYX15QSX1XU
Rowan,Davenport,KNH39QKV2SN,FRN28LAG5FE
Steel,Moody,FFG49OFI3YH,OCL47DLY4DF
Tallulah,Carr,IZD59QMG5HI,HUQ12EQK2SV
Pamela,Bray,OBT03IMG5XK,TCU35JHW3UT
Reuben,English,BYD03MOH5EV,JIJ62NQM5TY
Jeremy,Pitts,UQZ15IGQ8RP,XNT18NFU5CT
Hayley,Brewer,EIW94BNZ0VR,NNH16RKN6YN
Gannon,Hudson,OPD45LJY4ER,FYE52CTT3UY
Rhona,Cameron,IQO37WOR6NK,YTC45EEY0OO
Dylan,Richard,XLO26MLE1SS,EQS85NTV2UQ
Knox,Austin,CSQ34JTK1NR,SJO79EML3BZ
Raymond,Maldonado,TYT66PPU0FF,ENM72AEW4IQ
Tobias,Blackwell,IWG73RNE3TV,PVV51GFR6QW
Whitney,Raymond,MER26IQI2BF,RZB53BCO1DI
Sydney,Leon,LKT84VYR7RE,FTJ45JVX2CR
Kylynn,Ramos,BTJ15YBO5KK,SJX84FRP6TH
Russell,Jones,QKN11OEY3NP,NAS24FXK8OI
Justin,Christian,GNO16MGN4EW,MQW86MGH7WJ
Nathaniel,Atkinson,FER84LGQ6NV,IUE27HBA3SP
Colt,Blanchard,WYW50QGX6MF,TUG43IXU1GZ
Thor,Juarez,NNY13VKJ7MQ,JPG54JVY0WD
Maxine,Craft,YJH29WVK9LD,PLY70RWS3GU
Xyla,Koch,EHY03YMF7UV,LRY17LDB7OB
Bryar,Page,OAR16VRU5KS,VLE11THH1YQ
Jesse,Henry,SHW58FNJ4EN,MRI94CHT9OD
Iona,Lara,ROO19MDT1MU,YUN68MMU2TF
Lewis,Perry,XZG15IAT2UB,DOD94MHS2JP
Brittany,Brock,QTV54LRW1OS,GYQ76SHT7SM
Jenette,Weaver,BFX45LHV6OC,HGN42TGP3IJ
Tamara,Coffey,TCB08CSL0DX,FFV87HAH6YE
Sarah,Bishop,QQZ27CIW9RW,HSP23EMV2VS
Clinton,Robinson,VXK89YGX4HE,UMR98GQK6OQ
Stephen,Henson,ACW28FOT8XX,AQU12APL3NO
Burke,Ruiz,QFL44SJB3LF,XDB74MFS7TJ
Oliver,O'brien,DBX70FHV6PI,GKQ61GAG9TA
Rashad,Schmidt,HSO42XIR5YU,PLR50LTN3AH
Mason,Fernandez,WNG61ZSN4UL,LQS84DTK8FL
Diana,Bridges,PLW41LYA7SG,DQB68CTU8DV
Ginger,Ramsey,SBP11CHI4YF,HHQ51TGC5TK
Laura,Bell,UNM54ZCI5BD,FBL56FEY1VG
Jason,Sweet,ENO69KLG1FE,SRF18XBO5VW
Beck,Moses,NME38SOE8BM,YJC32JKH8GN
Vincent,Golden,RKS75XQH6EI,TSB23YNV9EB
